                  epoch,         train/box_loss,         train/cls_loss,         train/dfl_loss,   metrics/precision(B),      metrics/recall(B),       metrics/mAP50(B),    metrics/mAP50-95(B),           val/box_loss,           val/cls_loss,           val/dfl_loss,                 lr/pg0,                 lr/pg1,                 lr/pg2
                      0,                 1.8775,                 4.0771,                 1.8125,                0.01717,                 0.3163,                 0.0568,                0.02946,                    nan,                    nan,                    nan,               0.070129,               0.003319,               0.003319
                      1,                 1.8241,                 3.6535,                 1.7585,                0.33623,                0.10227,                0.07983,                0.04381,                    nan,                    nan,                    nan,               0.038812,              0.0053352,              0.0053352
                      2,                 1.8225,                 3.2615,                 1.7406,                0.72727,                0.11085,                0.09094,                 0.0538,                    nan,                    nan,                    nan,              0.0061744,              0.0060314,              0.0060314
                      3,                 1.7891,                 3.0432,                 1.7412,                0.65019,                0.12794,                0.13835,                0.09259,                    nan,                    nan,                    nan,                0.00406,                0.00406,                0.00406
                      4,                 1.7532,                  2.843,                 1.7007,                0.26934,                 0.1761,                0.17092,                0.11365,                    nan,                    nan,                    nan,                0.00406,                0.00406,                0.00406
